DateID,ProductID,StoreID,CustomerID,QuantityOrdered,OrderAmount,DiscountAmount,Shipping Cost,TotalAmount
20240728,331,1,456,3,777,30.08191677772565,54.107895188970865,692.8101880333035
20240728,668,1,944,16,991,122.25531410769167,123.52634854649796,745.2183373458104
20240728,453,1,996,18,736,84.1164028218502,99.57604139260837,552.3075557855414
20240728,942,1,253,10,461,50.253063244425086,68.06403284042611,342.6829039151488
20240728,557,1,899,5,475,21.24837331814448,44.733635124472116,409.0179915573834
20240728,368,1,257,5,321,42.24194530514724,19.045534223061384,259.7125204717914
20240728,626,1,240,16,461,34.98810301408542,61.01894246262114,364.9929545232934
20240728,404,1,136,17,248,16.03059268118078,13.92485101329549,218.0445563055237
20240728,692,1,844,9,474,25.676289988443525,46.9211434419644,401.40256656959207
20240728,619,1,530,5,743,23.19402501244726,69.39367846356156,650.4122965239912
20240728,903,1,915,5,145,4.853351912609392,15.053206588166676,125.09344149922393
20240728,774,1,712,12,386,25.471603140435686,35.84670321183159,324.68169364773274
20240728,478,1,556,16,332,12.708926542394618,21.917929179323746,297.37314427828164
20240728,913,1,642,7,655,62.748624280337204,59.48875247508252,532.7626232445803
20240728,277,1,520,5,515,25.113659020646946,74.5387957720418,415.34754520731127
20240728,954,1,161,20,385,32.08759248483018,30.45404017109102,322.4583673440788
20240728,963,1,392,4,216,15.430251927600006,20.44703796954463,180.12271010285536
20240728,173,1,516,3,486,58.72440346342456,62.72650577418721,364.54909076238823
20240728,390,1,491,6,238,21.60898488440732,29.336447912907772,187.0545672026849
20240728,471,1,492,13,267,20.19035618515052,16.05314681344818,230.7564970014013
20240728,591,1,754,7,491,56.47905153402081,41.67804798314683,392.84290048283236
20240728,451,1,794,18,745,82.23482262694834,108.3852843191797,554.3798930538719
20240728,647,1,234,11,786,66.92526925708697,49.98442535753175,669.0903053853813
20240728,965,1,974,12,125,16.03647814262136,10.577695418752944,98.3858264386257
20240728,64,1,822,10,406,23.503821383702363,52.152105660326,330.3440729559716
20240728,126,1,177,16,371,34.561126034243344,52.83354869618074,283.6053252695759
20240728,459,1,785,8,773,92.22200929913043,114.82714998550287,565.9508407153667
20240728,855,1,579,4,105,3.9950199629903453,10.339884345194118,90.66509569181554
20240728,270,1,653,18,305,34.53053605249543,40.05402708942101,230.41543685808355
20240728,420,1,615,9,901,18.549721501327948,109.27128111358998,773.1789973850821
20240728,586,1,850,9,443,40.96326937694947,63.377117174696956,338.6596134483536
20240728,915,1,12,17,594,34.25166508575171,44.869086354134126,514.8792485601142
20240728,363,1,741,14,193,27.45025610389167,11.844174871088788,153.70556902501954
20240728,672,1,794,15,245,6.057766032767815,24.59196627217206,214.35026769506013
20240728,458,1,340,5,272,23.22718606778543,35.38403170573217,213.38878222648242
20240728,415,1,152,17,108,12.767324118686204,6.742696425728005,88.4899794555858
20240728,339,1,818,7,346,51.520858440608826,33.76543585134865,260.71370570804254
20240728,713,1,560,9,706,67.76649792505201,84.2888576697663,553.9446444051816
20240728,118,1,933,9,910,59.093139489888586,81.3427857568033,769.5640747533081
20240728,348,1,51,18,987,139.7220775876267,49.779506450034354,797.498415962339
20240728,947,1,207,9,667,50.395610660223,96.0968274144705,520.5075619253065
20240728,941,1,959,10,688,96.88536135216658,81.17875733593644,509.935881311897
20240728,523,1,594,1,721,107.95375509813898,101.34674350226311,511.6995013995979
20240728,398,1,14,1,817,76.09155983933617,65.21692533128807,675.6915148293758
20240728,807,1,171,9,134,7.345933127447508,11.983601068736947,114.67046580381555
20240728,799,1,216,16,692,20.161959530866337,67.47243398134448,604.3656064877891
20240728,97,1,617,1,558,41.75819996653538,54.68319276064553,461.5586072728191
20240728,112,1,309,10,764,24.109140185303584,53.87368556403131,686.0171742506651
20240728,909,1,478,13,491,36.44934750925525,55.4841733201061,399.0664791706387
20240728,449,1,630,14,186,17.015884831158296,24.776837617131655,144.20727755171004
20240728,45,1,242,13,704,52.66979902649942,60.53383972031375,590.7963612531869
20240728,263,1,362,10,806,67.62721350412488,51.80786982616997,686.5649166697051
20240728,604,1,1000,9,847,83.60612663939759,114.90743685249825,648.4864365081041
20240728,64,1,863,7,951,111.19109488642408,51.04775412291826,788.7611509906576
20240728,603,1,284,6,450,62.378057543987815,62.28417424265373,325.33776821335846
20240728,722,1,44,9,781,62.05533768795029,87.16364646582113,631.7810158462286
20240728,959,1,254,15,241,5.1611965361826995,31.403552361600426,204.43525110221688
20240728,399,1,929,2,222,19.03495785584738,27.28808827688968,175.67695386726294
20240728,285,1,773,2,542,20.945200303299334,30.849692623783135,490.20510707291754
20240728,554,1,619,1,999,103.699987110524,55.8690812493275,839.4309316401485
20240728,957,1,164,10,795,25.374718072740418,74.89485665041622,694.7304252768433
20240728,197,1,925,9,604,39.7573997597695,52.04315652559209,512.1994437146384
20240728,572,1,614,18,874,32.17509301765797,76.84980374439444,764.9751032379476
20240728,817,1,540,7,774,70.29024250238858,108.97823185528445,594.7315256423269
20240728,329,1,94,7,523,16.459012128167384,67.86413308946113,438.6768547823715
20240728,820,1,26,8,951,78.62037292300398,139.94002864035883,732.4395984366372
20240728,35,1,412,8,198,28.833623929278314,26.923113633148013,142.24326243757366
20240728,860,1,621,18,605,89.52817456604869,36.327777440948026,479.14404799300326
20240728,695,1,501,5,101,4.23581703703731,12.161364525424743,84.60281843753795
20240728,813,1,346,16,233,21.624213726245262,24.863847245475647,186.51193902827907
20240728,134,1,636,11,938,113.11091664772617,59.045079205552504,765.8440041467213
20240728,73,1,822,7,765,23.193453338379,48.03032953818815,693.7762171234328
20240728,92,1,783,17,799,23.95005933101351,56.22424798753079,718.8256926814557
20240728,184,1,882,4,182,23.53063121877649,25.37298707839055,133.09638170283296
20240728,741,1,211,11,869,119.19493985105541,118.61750895115736,631.1875511977872
20240728,762,1,716,5,547,41.19021090323506,79.58488145164677,426.22490764511815
20240728,703,1,804,3,118,2.7260124420262337,17.203446056523156,98.0705415014506
20240728,403,1,995,2,595,29.066244435531807,52.460887302360995,513.4728682621072
20240728,518,1,264,2,571,74.28780264705385,34.389903863176016,462.3222934897701
20240728,373,1,765,11,158,11.896308554348574,15.472304952641187,130.63138649301024
20240728,778,1,49,11,961,73.47129613023638,63.70213504395384,823.8265688258098
20240728,375,1,954,4,615,88.19099906381554,55.23831677365965,471.5706841625248
20240728,36,1,781,12,801,84.9327436166278,82.04493442205853,634.0223219613137
20240728,29,1,113,13,178,25.89824697372193,12.316163178123684,139.7855898481544
20240728,559,1,469,10,197,25.32616282218471,22.761528667591474,148.91230851022382
20240728,58,1,207,10,835,26.625546484338138,118.43778872438415,689.9366647912777
20240728,363,1,901,2,526,53.61388594518391,49.79817799359822,422.5879360612179
20240728,259,1,799,6,506,62.970716732327155,66.75937632423425,376.2699069434386
20240728,126,1,490,12,855,50.45425132751992,109.11664840347113,695.4291002690089
20240728,448,1,365,11,241,35.9868689005093,15.462462062523253,189.55066903696746
20240728,107,1,2,16,665,87.93381404274851,89.71556141741934,487.35062453983215
20240728,308,1,67,13,258,22.49550506903809,33.07348880705168,202.43100612391024
20240728,804,1,299,5,221,29.458014566543945,24.257835794683547,167.2841496387725
20240728,306,1,472,12,477,62.39612424070957,38.05074409406138,376.55313166522905
20240728,213,1,225,12,850,60.108568985159344,66.22553170928359,723.6658993055571
20240728,563,1,921,8,244,11.96135483035199,26.928254991528203,205.11039017811981
20240728,570,1,272,12,970,104.98402005923559,133.42207429051362,731.5939056502508
20240728,659,1,462,8,204,22.473193680009754,19.60886371994137,161.9179426000489
20240728,643,1,366,10,760,90.94824162468184,94.94613145666061,574.1056269186575
20240728,682,1,267,11,419,51.433018954120506,54.0706479784424,313.4963330674371
20240728,887,1,698,13,636,55.7114807823378,85.32861967502285,494.95989954263933
20240728,267,1,406,1,852,62.77696502015517,83.61960474813952,705.6034302317053
20240728,23,1,705,14,290,25.8276112491756,42.94845977218671,221.22392897863767
20240728,228,1,331,16,716,33.812343548817644,61.60013276905739,620.5875236821249
20240728,475,1,871,16,195,15.268525345413105,19.77099313319008,159.96048152139682
20240728,603,1,23,9,540,72.05939675847193,75.44386388933194,392.49673935219613
20240728,388,1,658,12,428,35.18023681317571,50.633798325623665,342.18596486120066
20240728,147,1,834,3,880,29.394415867903298,114.00305048969037,736.6025336424063
20240728,478,1,431,6,824,23.85108724227559,52.334493358774814,747.8144193989496
20240728,283,1,753,2,506,36.91303335654175,71.62110830981413,397.4658583336441
20240728,432,1,101,10,947,97.83845802865815,125.26626283210152,723.8952791392403
20240728,646,1,23,5,166,20.515675392589685,10.17699270816255,135.30733189924777
20240728,902,1,101,19,857,83.83533725222283,104.55037068724523,668.614292060532
20240728,28,1,733,9,741,84.89623455481485,102.99032199535588,553.1134434498292
20240728,220,1,399,17,231,17.530405574478554,13.73190396199645,199.73769046352498
20240728,73,1,669,16,643,49.85152026439006,40.5760642498655,552.5724154857444
20240728,873,1,455,15,217,10.835090658244539,14.03758157571802,192.12732776603744
20240728,5,1,357,1,477,42.41845776600564,29.609932260899456,404.9716099730949
20240728,942,1,814,7,644,85.38093622914487,48.51051180940662,510.1085519614485
20240728,121,1,244,3,234,12.18521778056917,34.80792722589696,187.00685499353386
20240728,803,1,365,8,376,8.878043297613326,30.58199678653225,336.5399599158544
20240728,456,1,7,5,563,19.14508492501473,84.03486237760355,459.8200526973817
20240728,751,1,637,9,229,18.67942825507786,27.22308748630148,183.09748425862065
20240728,724,1,973,13,418,43.7748567802732,62.350955351846466,311.8741878678803
20240728,285,1,650,11,231,23.06683430562446,26.276056284924955,181.65710940945058
20240728,456,1,556,16,548,76.17549436094099,49.12004437744812,422.7044612616109
20240728,339,1,294,16,758,80.53148145608854,106.82781732819473,570.6407012157167
20240728,48,1,341,8,235,8.362940297813854,15.953918737666838,210.6831409645193
20240728,562,1,877,15,249,36.29770253318064,17.34515195823902,195.35714550858034
20240728,495,1,870,20,515,52.845666674416385,57.04322635645818,405.11110696912544
20240728,678,1,526,10,374,55.05288455092632,35.375818890742636,283.571296558331
20240728,907,1,294,8,284,14.952289519227126,35.4189359201402,233.62877456063268
20240728,207,1,405,6,247,19.727193300432454,23.166579853509635,204.1062268460579
20240728,849,1,689,19,155,17.012333116828025,20.053423188065132,117.93424369510684
20240728,669,1,883,7,867,41.84462769103354,118.32316367681582,706.8322086321507
20240728,17,1,62,10,147,4.535154897315473,20.36893278531789,122.09591231736664
20240728,752,1,25,5,609,29.93716188210821,38.439815383468584,540.6230227344232
20240728,917,1,367,18,944,125.65893819981292,135.89275922412358,682.4483025760635
20240728,670,1,100,1,641,81.53424500156076,55.25601810476179,504.2097368936775
20240728,743,1,593,9,866,105.28190626684099,125.54684765936383,635.1712460737951
20240728,24,1,995,19,168,23.869774686105178,10.096867457614,134.03335785628082
20240728,710,1,843,19,834,96.51757474606654,90.4325939865057,647.0498312674277
20240728,299,1,742,7,890,125.43322137634857,116.6584438547859,647.9083347688655
20240728,878,1,433,2,512,20.594052477899965,42.584113221986534,448.8218343001135
20240728,437,1,211,13,447,46.94330912784389,28.461599559842057,371.595091312314
20240728,927,1,795,14,175,5.12405364204104,10.478408543942555,159.3975378140164
20240728,471,1,696,2,777,60.22362439141036,49.431278260243204,667.3450973483464
20240728,115,1,396,3,889,121.91691713482496,62.26801629684572,704.8150665683293
20240728,853,1,967,11,165,13.864903076289638,16.703824642961187,134.43127228074917
20240728,33,1,516,5,921,51.838267731869045,91.89175749897784,777.2699747691531
20240728,635,1,668,17,891,54.61904627287905,51.87557483502252,784.5053788920984
20240728,770,1,701,4,341,47.126612799302364,19.05785487433781,274.81553232635986
20240728,753,1,687,20,911,104.76001725587949,45.63284622445082,760.6071365196697
20240728,454,1,267,9,224,10.208598584531426,12.985950600497139,200.80545081497144
20240728,19,1,519,4,926,27.487111507302558,100.34369054683478,798.1691979458626
20240728,557,1,886,4,953,54.65819297503415,92.60945339841653,805.7323536265493
20240728,765,1,519,18,196,4.217606977662195,12.760988960519313,179.0214040618185
20240728,427,1,172,6,215,21.93683570556146,14.506468830597957,178.55669546384058
20240728,352,1,81,10,562,52.71333671251795,73.6234020827396,435.6632612047424
20240728,773,1,736,1,705,62.642349369758904,67.70515169693232,574.6524989333088
20240728,355,1,553,19,868,120.25758118703692,129.37109783153807,618.371320981425
20240728,411,1,838,9,112,15.296135841384553,12.907677383457672,83.79618677515778
20240728,787,1,889,10,743,91.90774281246436,91.18275441014352,559.9095027773922
20240728,585,1,428,4,304,29.4951444255327,20.428847300125746,254.07600827434155
20240728,268,1,679,15,878,74.52862513908278,91.07515551949199,712.3962193414252
20240728,631,1,961,12,919,96.63663803299303,56.59160101334139,765.7717609536655
20240728,757,1,576,14,740,109.16227741992908,39.807898163786284,591.0298244162847
20240728,281,1,526,16,544,45.39765773166489,41.051329889247114,457.551012379088
20240728,169,1,250,17,658,57.71398856807385,93.62655548674586,506.6594559451803
20240728,94,1,777,19,310,23.35643691202536,21.87603389197327,264.76752919600136
20240728,61,1,312,8,791,76.08307470180965,83.24404360598061,631.6728816922098
20240728,224,1,228,3,338,29.839052113028174,47.08857002879755,261.07237785817426
20240728,648,1,287,18,212,18.413182561401065,28.493298484697497,165.09351895390142
20240728,225,1,352,3,471,44.706571080200035,39.50256035147252,386.7908685683275
20240728,159,1,149,18,476,21.628275266899102,33.56934976619122,420.80237496690967
20240728,795,1,144,19,808,44.17034350031244,58.8405830955967,704.9890734040908
20240728,397,1,450,5,884,88.95489085348922,116.45282180386839,678.5922873426424
20240728,507,1,97,20,519,11.98895830842464,60.92347699789612,446.08756469367927
20240728,878,1,679,18,276,7.040786834655537,28.51744658377704,240.44176658156744
20240728,403,1,933,2,848,45.25526812321216,53.55629257221135,749.1884393045765
20240728,761,1,65,6,897,104.99510259746019,127.3517271605307,664.6531702420091
20240728,669,1,571,3,291,40.30211337964999,24.42237443539381,226.2755121849562
20240728,74,1,716,17,828,48.9531966813712,53.358330399871214,725.6884729187576
20240728,469,1,19,14,556,68.27693208700795,57.15816014422294,430.5649077687691
20240728,638,1,689,6,132,15.8932071570864,11.475109648697444,104.63168319421615
20240728,665,1,997,20,823,48.720681884568016,91.30951125463659,682.9698068607954
20240728,113,1,733,15,879,64.70177818639431,47.09814611026428,767.2000757033414
20240728,369,1,938,11,924,137.02886885322354,90.97830057134725,695.9928305754293
20240728,351,1,636,3,601,76.73685182758489,57.46501678827893,466.7981313841362
20240728,603,1,364,8,699,29.837681976126976,94.16792110829252,574.9943969155805
20240728,527,1,306,5,707,44.50821542711508,97.98159079751372,564.5101937753711
20240728,273,1,744,17,813,53.09639965072031,111.03810637912903,648.8654939701506
20240728,815,1,481,13,332,39.68052473236589,26.501643679161873,265.81783158847225
20240728,490,1,440,2,479,69.30063950339681,55.735393897510434,353.96396659909277
20240728,844,1,565,4,376,47.67761028366117,47.51719369542427,280.80519602091454
20240728,626,1,251,5,237,14.96094816659999,26.429421837263195,195.60962999613682
20240728,38,1,683,7,629,71.8700515270902,53.350378394754586,503.7795700781552
20240728,676,1,638,13,153,16.32444147921895,20.15832774481542,116.51723077596563
20240728,607,1,566,8,931,72.94573027291264,106.41881235636941,751.635457370718
20240728,913,1,841,7,549,52.6616089103686,43.210109055693785,453.1282820339376
20240728,892,1,242,18,542,72.89951469854986,64.98052106864628,404.11996423280385
20240728,692,1,124,20,207,4.619365911932134,18.185147360820643,184.19548672724721
20240728,919,1,663,14,321,16.62861346341962,40.51278348238686,263.8586030541935
20240728,413,1,635,11,932,126.60083622361905,52.76381664850051,752.6353471278804
20240728,116,1,448,1,458,14.99157277653851,56.53024489123379,386.4781823322277
20240728,396,1,956,5,809,61.54137172834135,98.69762528272022,648.7610029889385
20240728,868,1,188,3,231,23.659599559266034,34.32222074530541,173.01817969542856
20240728,594,1,335,5,126,12.783408127707355,15.60236315829423,97.61422871399841
20240728,735,1,42,6,215,25.54921443648791,25.672908092721663,163.77787747079043
20240728,890,1,590,1,229,27.53232132512331,29.610221267794746,171.85745740708194
20240728,699,1,972,4,525,63.79008176642998,68.79173817071627,392.41818006285376
20240728,38,1,190,18,999,111.66946572034394,76.70189190697714,810.628642372679
20240728,569,1,199,18,900,115.99733658883291,64.04290998271777,719.9597534284493
20240728,466,1,960,14,271,28.486213776874767,19.057691334608766,223.45609488851647
20240728,435,1,50,20,514,21.056294928184958,70.39165385437951,422.5520512174355
20240728,165,1,519,5,139,19.541084118395833,14.108959375914209,105.34995650568996
20240728,202,1,253,7,335,37.43170797213323,30.615373099863984,266.95291892800276
20240728,2,1,147,10,515,20.887828997205865,52.02272191025902,442.0894490925351
20240728,545,1,186,9,931,86.07635185961621,49.48301111180408,795.4406370285797
20240728,301,1,773,12,596,23.115094797019587,71.62789319782406,501.25701200515635
20240728,218,1,810,1,793,32.050541275261,60.935034552559884,700.0144241721791
20240728,66,1,983,18,674,60.08731811563721,45.50516801071953,568.4075138736432
20240728,811,1,521,8,203,9.53159642352923,12.04259236562845,181.4258112108423
20240728,769,1,416,10,210,14.59891216835383,15.028083861451915,180.37300397019425
20240728,912,1,738,1,886,49.82459911591603,76.43481770277187,759.7405831813121
20240728,688,1,257,12,631,57.79017905393263,94.5879878574075,478.62183308865986
20240728,571,1,619,2,626,16.138729364574964,90.44673346200535,519.4145371734197
20240728,632,1,643,4,336,40.277683227370176,23.74728197178432,271.9750348008455
20240728,936,1,372,5,696,49.76163318014335,50.92753206035958,595.3108347594971
20240728,458,1,451,4,965,135.84655519020495,99.75906292305673,729.3943818867383
20240728,341,1,153,14,120,6.609435904239013,7.540772139708064,105.84979195605293
20240728,885,1,154,18,891,80.44131223081038,66.18410159868216,744.3745861705074
20240728,94,1,281,6,165,15.04522190570102,15.568754436779804,134.38602365751916
20240728,321,1,48,18,671,30.307060144393716,94.44884004683699,546.2440998087693
20240728,438,1,505,2,759,56.52757967958959,63.626952046647176,638.8454682737632
20240728,224,1,584,11,695,56.77309560947347,55.57893063994217,582.6479737505844
20240728,564,1,66,8,386,53.77498621131227,51.50740893551849,280.71760485316923
20240728,506,1,915,11,102,10.896081189266228,14.811627465295452,76.29229134543831
20240728,677,1,453,20,155,8.779863314077646,23.009275491135387,123.21086119478696
20240728,913,1,93,12,577,47.30771449501589,78.809560500845,450.8827250041391
20240728,867,1,475,13,204,13.842116307260849,11.151253116015251,179.0066305767239
20240728,857,1,899,11,794,31.670078234011832,63.611762623071485,698.7181591429166
20240728,608,1,596,6,440,24.329436181803253,31.96262621405638,383.7079376041404
20240728,694,1,244,1,482,49.79701301210208,72.03124284631419,360.17174414158376
20240728,782,1,927,17,120,11.732991106034698,9.943076324256609,98.32393256970869
20240728,545,1,974,5,473,30.313086707450534,54.97677564611623,387.7101376464332
20240728,441,1,10,5,182,10.544076004563243,20.839070252203804,150.61685374323295
20240728,795,1,845,15,722,26.712470970786804,36.684604027046106,658.6029250021671
20240728,299,1,708,3,517,61.427980766103936,27.235164497214427,428.33685473668163
20240728,688,1,634,7,227,12.422772193804683,19.127738306549823,195.4494894996455
20240728,421,1,624,17,426,55.24580085563221,48.746418353847574,322.0077807905202
20240728,703,1,611,14,191,4.055871829839388,22.944790282934523,163.9993378872261
20240728,851,1,142,1,263,34.142201908587616,23.398194256906233,205.45960383450614
20240728,528,1,720,11,129,16.43170429205924,13.724637098400464,98.8436586095403
20240728,445,1,951,6,144,9.099911428489285,16.489396214128462,118.41069235738226
20240728,290,1,3,2,424,33.17681585995906,36.7427112233095,354.0804729167314
20240728,656,1,800,14,955,76.408674192238,79.89551568757336,798.6958101201886
20240728,432,1,427,5,117,8.785444905324132,13.76766350405222,94.44689159062365
20240728,484,1,694,20,403,8.52775856014269,24.89829906730593,369.57394237255136
20240728,776,1,757,2,596,69.3999563082973,53.16906945925639,473.4309742324463
20240728,897,1,667,4,748,89.78163067989742,53.919087511992046,604.2992818081105
20240728,388,1,214,3,658,41.46409954091649,39.81057035920231,576.7253300998811
20240728,946,1,371,20,903,26.769976973427028,82.8516247764435,793.3783982501295
20240728,279,1,375,16,965,84.27108501594827,68.1006702667466,812.628244717305
20240728,835,1,795,10,145,18.831782042335902,11.709213966096675,114.45900399156741
20240728,606,1,638,2,728,27.205883704326446,48.093928028492755,652.7001882671808
20240728,489,1,282,6,451,40.28993751845096,34.68932953854976,376.0207329429993
20240728,410,1,832,8,363,53.416313520292114,52.18523525766163,257.3984512220462
20240728,375,1,383,11,735,52.037147334207106,79.05430109370184,603.908551572091
20240728,540,1,664,2,212,18.866813569331857,26.625914571911082,166.50727185875706
20240728,422,1,238,15,132,14.783165197544665,18.70826020704733,98.508574595408
20240728,258,1,136,16,244,24.03059777945807,18.53903916585218,201.43036305468974
20240728,114,1,669,15,716,107.28174774340579,57.23218887963453,551.4860633769597
20240728,402,1,510,5,149,6.096259074522158,17.48534407817619,125.41839684730165
20240728,529,1,571,16,696,81.71490411018874,60.0985764663127,554.1865194234986
20240728,414,1,110,17,763,17.65067228726619,49.28255592108271,696.066771791651
20240728,335,1,667,6,325,28.32375295729011,35.95073072218027,260.7255163205296
20240728,388,1,264,13,667,59.89085436128195,76.73454855789045,530.3745970808276
20240728,602,1,787,14,118,16.87063024338066,10.062892314702893,91.06647744191645
20240728,689,1,67,4,145,8.315280086051008,20.689012077621364,115.99570783632763
20240728,963,1,943,12,579,17.688492765120415,69.26611425823393,492.04539297664564
20240728,856,1,521,9,829,54.56174044480815,52.25676529069752,722.1814942644943
20240728,179,1,31,5,759,66.11170320644527,56.18914201241021,636.6991547811446
20240728,757,1,125,7,212,14.24869337660321,20.21198695997889,177.5393196634179
20240728,817,1,964,14,764,31.904396577265942,101.62854285843129,630.4670605643028
20240728,545,1,893,19,590,57.37692870095236,64.10095455558901,468.52211674345864
20240728,768,1,403,17,593,55.630366378303016,69.16146491052575,468.2081687111712
20240728,370,1,350,19,641,89.3880480784255,53.55475465004028,498.0571972715342
20240728,673,1,600,13,755,96.6479609945417,85.00254422181267,573.3494947836457
20240728,816,1,938,1,174,11.442589366810848,10.893491979975318,151.66391865321384
20240728,367,1,730,9,797,33.43146109208089,54.398774674103244,709.1697642338158
20240728,175,1,457,15,551,72.1646105977398,32.79261987817371,446.0427695240865
20240728,44,1,825,12,981,31.126206744622227,89.11681142242367,860.7569818329541
20240728,136,1,676,1,856,54.635740727826104,113.98970453589253,687.3745547362814
20240728,173,1,682,5,973,47.43075939488896,99.8892460026635,825.6799946024476
20240728,50,1,348,8,861,97.79504472490832,51.55597141073993,711.6489838643517
20240728,120,1,331,19,909,67.16473251717576,69.73570115141278,772.0995663314114
20240728,410,1,515,10,226,19.107511853503745,16.087167500241467,190.80532064625478
20240728,598,1,31,5,526,69.19181864528271,58.27507137144657,398.5331099832707
20240728,621,1,985,8,226,12.018343546598516,23.567592471743986,190.4140639816575
20240728,534,1,103,14,338,39.780935452869294,43.86398676730823,254.35507777982247
20240728,269,1,163,8,889,102.81781563838442,66.43431570963884,719.7478686519768
20240728,2,1,436,13,591,39.85216102690762,88.37751513973299,462.7703238333594
20240728,574,1,182,1,599,22.58134363991291,66.20968152363751,510.20897483644956
20240728,721,1,480,19,591,70.01249705141286,86.0952117438259,434.89229120476125
20240728,320,1,298,5,534,17.956690201308906,54.81712884474971,461.22618095394137
20240728,315,1,174,13,861,113.33122707442644,104.29282081215185,643.3759521134217
20240728,283,1,86,14,236,20.751301151434355,20.65454282890964,194.594156019656
20240728,438,1,984,2,119,4.013031814457653,14.246114836508438,100.74085334903391
20240728,313,1,287,9,716,17.64747727777389,106.8428779893835,591.5096447328426
20240728,829,1,898,15,374,12.237533024893079,37.388191902787916,324.374275072319
20240728,435,1,608,16,482,11.544526752123973,40.44006030409085,430.0154129437852
20240728,584,1,437,5,421,28.227826529511482,37.34497187654774,355.42720159394077
20240728,297,1,733,6,464,60.78179579955749,34.418094053199155,368.80011014724334
20240728,340,1,888,19,981,60.54451451215415,128.65264216992395,791.8028433179219
20240728,510,1,146,16,882,107.78824517501123,76.79808948281952,697.4136653421692
20240728,110,1,942,8,794,21.448490186233943,61.60615982616121,710.9453499876048
20240728,657,1,369,11,548,61.41668607047637,55.42161934866917,431.1616945808545
20240728,624,1,616,12,131,14.410187567123446,17.08166877066677,99.50814366220979
20240728,193,1,34,1,968,83.8093428499134,128.19989414820387,755.9907630018827
20240728,159,1,569,18,509,38.67783751575164,46.8205707326771,423.50159175157125
20240728,151,1,674,3,597,39.05822700872802,72.79319583443048,485.1485771568415
20240728,686,1,660,10,438,46.77211950039867,51.95741406259157,339.27046643700976
20240728,875,1,81,5,950,134.12401012769416,119.57747406854928,696.2985158037566
20240728,421,1,967,15,124,16.67529039282053,17.952849546426368,89.37186006075311
20240728,86,1,377,15,567,70.96655814366075,44.09792103511337,451.93552082122585
20240728,706,1,201,5,709,34.52528340775532,60.452840519444955,614.0218760727997
20240728,633,1,34,7,786,68.35957659014112,101.40081207627252,616.2396113335864
20240728,344,1,863,18,847,21.023696795697,89.90457196366302,736.07173124064
20240728,407,1,450,2,171,5.079947932242892,25.400348202253596,140.51970386550352
20240728,132,1,580,11,900,134.94887885297018,86.76946379711389,678.2816573499159
20240728,619,1,974,9,891,132.8040427118359,91.24424556897304,666.951711719191
20240728,331,1,553,1,563,42.53555263399188,51.25670483828674,469.2077425277214
20240728,871,1,909,9,134,8.832543848747953,13.063447289165147,112.1040088620869
20240728,734,1,276,16,501,20.839147050036658,64.47714420203138,415.683708747932
20240728,54,1,554,11,550,81.88333198831003,69.87503031640657,398.24163769528343
20240728,158,1,488,19,656,80.868020735626,91.83143408135616,483.30054518301785
20240728,6,1,847,15,447,49.779119539790976,47.41421076677082,349.8066696934382
20240728,431,1,677,2,413,36.469688256124456,24.19936925878124,352.3309424850943
20240728,371,1,475,6,147,20.750617264062434,9.967429638426273,116.28195309751129
20240728,289,1,506,3,302,22.198824065443226,27.748496298071434,252.05267963648532
20240728,263,1,504,4,880,114.22476799681489,88.69913495441752,677.0760970487676
20240728,937,1,189,14,429,59.84806122298047,24.24846116175162,344.9034776152679
20240728,819,1,341,10,455,64.63539826935771,57.76928042992204,332.59532130072023
20240728,365,1,245,9,568,23.649864763181704,73.42479875552407,470.92533648129427
20240728,691,1,87,15,789,26.76244656160738,63.89227540501203,698.3452780333806
20240728,349,1,889,9,640,70.71291108770242,57.311622998101974,511.97546591419564
20240728,189,1,322,10,315,6.399804806265,26.411536782342957,282.18865841139205
20240728,177,1,627,19,879,52.43159658512355,124.89543247252686,701.6729709423496
20240728,823,1,80,8,949,114.23676352338214,80.78240774566089,753.980828730957
20240728,264,1,486,11,135,13.364402343652493,16.564541137558574,105.07105651878894
20240728,513,1,237,13,713,78.95018148870179,58.823037092499455,575.2267814187987
20240728,378,1,632,13,608,62.01256436999441,37.46585801138955,508.52157761861605
20240728,760,1,386,13,562,51.79423965533217,30.803003217799525,479.4027571268683
20240728,584,1,886,12,871,85.70769132348622,57.09840971899034,728.1938989575235
20240728,608,1,971,18,689,99.81872467541493,98.98752818417853,490.1937471404066
20240728,436,1,691,14,946,131.78512957073335,79.23268852567158,734.9821819035951
20240728,247,1,565,3,725,57.89208834184044,52.020532716872886,615.0873789412867
20240728,115,1,934,15,553,55.47685402057234,60.597968071163365,436.9251779082643
20240728,126,1,233,5,108,14.80512378558491,7.579268188284517,85.61560802613057
20240728,542,1,258,10,559,59.99516374759537,64.29086650822664,434.713969744178
20240728,115,1,261,16,441,55.26735082767536,58.7469030177199,326.9857461546047
20240728,879,1,213,17,555,24.441563597885015,77.19462961509403,453.36380678702096
20240728,260,1,244,14,371,16.775212361222025,36.60648704332985,317.61830059544815
20240728,282,1,717,4,771,48.74001522799869,89.76314951918752,632.4968352528138
20240728,438,1,175,17,574,44.00704824337278,81.40566610475574,448.58728565187147
20240728,23,1,489,13,145,12.973509837261878,18.179962268302976,113.84652789443516
20240728,567,1,937,14,328,35.476966325902936,40.9194176037278,251.60361607036927
20240728,432,1,58,13,559,67.13523063006677,31.90413893874099,459.96063043119227
20240728,969,1,617,8,896,28.920938881395678,129.06018939381656,738.0188717247878
20240728,679,1,397,16,129,14.177761998662929,17.6638034218403,97.15843457949677
20240728,666,1,514,13,806,115.4781119026694,54.103889111372844,636.4179989859578
20240728,195,1,617,12,480,27.216113537125143,29.500102980284726,423.28378348259014
20240728,499,1,873,7,352,31.49260386054917,34.92960408535894,285.5777920540919
20240728,238,1,201,1,300,24.120900986589383,18.187663887895877,257.6914351255148
20240728,535,1,188,11,860,41.30816843969757,110.85726523315249,707.83456632715
20240728,60,1,564,20,698,41.66180965588484,75.51044868038755,580.8277416637276
20240728,610,1,173,15,815,37.344868409351406,76.7285153078552,700.9266162827934
20240728,581,1,691,3,192,5.776723638494838,19.321893266432728,166.90138309507245
20240728,834,1,522,7,513,65.09260398283892,70.04027514636984,377.86712087079127
20240728,923,1,196,8,451,15.029266073852028,43.27499686827259,392.69573705787536
20240728,112,1,496,3,988,63.99594414705118,87.57951647694534,836.4245393760035
20240728,967,1,525,17,946,63.5985544180226,137.68574212951575,744.7157034524616
20240728,531,1,171,7,783,95.8903225545684,69.55122756035543,617.5584498850762
20240728,433,1,21,16,779,47.584467312172684,73.07527825135655,658.3402544364708
20240728,425,1,494,10,959,128.27918231181977,63.15324826692391,767.5675694212564
20240728,7,1,702,15,373,36.67752552402597,43.90655529530324,292.4159191806708
20240728,745,1,617,11,441,20.134353924188456,27.98047339367683,392.8851726821347
20240728,740,1,566,10,448,64.25823749567937,28.000634156200114,355.7411283481205
20240728,294,1,837,10,343,43.22520145987075,25.452733658579618,274.32206488154964
20240728,81,1,446,17,647,62.37456919224993,82.85040178490922,501.77502902284084
20240728,101,1,935,5,352,50.07491774635499,31.576365496214663,270.34871675743034
20240728,969,1,36,14,714,74.7238719892071,36.09529503543433,603.1808329753586
20240728,49,1,187,5,291,37.16179935641259,17.582238211591086,236.25596243199632
20240728,248,1,140,6,545,13.100531238806914,44.52602832199547,487.3734404391976
20240728,752,1,77,16,312,29.53256550322242,29.31168709596897,253.1557474008086
20240728,99,1,41,13,466,48.18022239679731,29.18055907664075,388.63921852656193
20240728,25,1,406,20,282,13.538789747991254,18.60639810283359,249.85481214917516
20240728,558,1,1000,4,354,14.010339707982427,48.44585463292482,291.54380565909275
20240728,826,1,324,14,884,123.92813204722798,126.10240527889967,633.9694626738724
20240728,791,1,60,20,944,75.61685437917319,48.318135058489226,820.0650105623376
20240728,378,1,621,19,316,36.1720883109668,36.471360035715364,243.35655165331784
20240728,95,1,606,9,196,9.999291189683074,11.877604008430092,174.12310480188683
20240728,266,1,57,4,166,14.837915118135008,20.947586692506846,130.21449818935815
20240728,496,1,247,3,461,15.103814707378499,39.49909711552512,406.3970881770964
20240728,656,1,32,4,329,40.08215320668571,22.592932688632114,266.3249141046822
20240728,873,1,504,12,369,45.558634727058326,31.448368931220237,291.99299634172144
20240728,511,1,512,17,575,57.28926832218427,48.04653906004654,469.6641926177692
20240728,813,1,183,19,811,44.17134057523476,49.050255931572934,717.7784034931923
20240728,392,1,145,17,447,12.496203248706253,64.95724360765924,369.5465531436345
20240728,533,1,362,15,273,23.055077496910442,31.502333557762917,218.44258894532663
20240728,214,1,861,3,963,76.39450811881954,138.63322566055353,747.9722662206269
20240728,202,1,411,1,555,51.47774010061434,74.15384745466514,429.36841244472055
20240728,687,1,306,1,928,42.8117773669782,68.49095680530716,816.6972658277147
20240728,642,1,202,10,337,25.932825398179176,34.66961392427417,276.39756067754666
20240728,261,1,446,2,766,48.775933060041055,67.50869875383452,649.7153681861245
20240728,829,1,682,18,999,122.9506378887735,50.07351555881987,825.9758465524067
20240728,479,1,895,8,513,46.40846067922787,28.883278347341346,437.7082609734308
20240728,354,1,130,5,723,43.75702425295428,105.83297691437075,573.409998832675
20240728,434,1,125,7,154,16.403520321027173,12.55036083147496,125.04611884749787
20240728,48,1,991,11,833,106.76518483425811,101.04831794865528,625.1864972170866
20240728,493,1,649,3,604,26.878980130628722,60.65964396333445,516.4613759060368
20240728,360,1,894,10,459,59.68015780460805,41.49177097686829,357.82807121852363
20240728,419,1,288,10,973,116.61664488866279,86.87695584813413,769.5063992632031
20240728,928,1,488,9,367,29.20017971705054,18.466788301680317,319.33303198126913
20240728,289,1,766,18,953,55.35055031335076,71.99741161967798,825.6520380669713
20240728,628,1,680,20,175,11.626293912756038,18.991439675340086,144.38226641190388
20240728,136,1,112,1,586,52.241676453301444,40.18933915282054,493.56898439387805
20240728,349,1,252,7,811,20.422622771188518,75.93219174857916,714.6451854802324
20240728,970,1,190,8,364,46.876132337789855,45.281035918442925,271.8428317437672
20240728,766,1,118,9,471,59.266382349053195,66.06008783307081,345.673529817876
20240728,884,1,329,1,578,40.987246959713914,70.40381187192796,466.6089411683581
20240728,953,1,412,5,697,55.87065218564482,51.132445246581725,589.9969025677734
20240728,153,1,405,10,279,15.747705888305195,33.596583139890356,229.65571097180447
20240728,281,1,860,14,548,43.29990648011549,40.636072572732516,464.064020947152
20240728,588,1,467,13,542,66.63257785609582,62.23200030218109,413.1354218417231
20240728,453,1,382,20,418,23.91572719745231,38.95989762650077,355.1243751760469
20240728,929,1,897,7,192,7.614840500950245,15.99784653953752,168.38731295951223
20240728,321,1,536,2,979,62.328273833072416,129.31674244031183,787.3549837266157
20240728,270,1,348,9,193,9.86761392041979,21.834630373007048,161.29775570657316
20240728,174,1,243,13,806,44.79370078757395,118.91174166741682,642.2945575450092
20240728,500,1,606,8,825,29.654320719542817,59.60185814168369,735.7438211387735
20240728,872,1,814,4,613,49.55739575978308,39.28980924727815,524.1527949929388
20240728,152,1,991,14,340,26.693346066473747,34.4434637911165,278.86319014240974
20240728,188,1,747,15,213,6.830651682519238,14.718256617434395,191.45109170004636
20240728,225,1,50,15,884,101.31204943091721,102.17877812568338,680.5091724433994
20240728,953,1,653,14,623,65.68085894619583,75.03767865521498,482.2814623985892
20240728,159,1,241,20,793,34.209691890226935,103.28642785408552,655.5038802556876
20240728,51,1,501,13,336,34.5398256379247,41.11080192307017,260.34937243900515
20240728,41,1,521,8,304,14.301643814318632,26.39853882540392,263.2998173602774
20240728,583,1,314,6,620,89.32898704712008,33.88922277379314,496.7817901790868
20240728,763,1,191,18,549,13.82734210949831,67.0637142837832,468.1089436067185
20240728,530,1,691,5,738,105.82454314725427,76.85145387900452,555.3240029737412
20240728,769,1,548,13,512,26.338996055374977,38.46090617878176,447.2000977658432
20240728,106,1,231,3,228,25.676740226384045,17.80047069398019,184.52278907963577
20240728,271,1,933,8,572,57.31771593636798,64.17531011409814,450.50697394953386
20240728,460,1,251,13,664,56.15790838398773,48.8155133673501,559.0265782486622
20240728,255,1,977,16,472,33.87173084418653,46.89687476744244,391.23139438837103
20240728,284,1,834,4,804,52.59608906121539,57.57340388664387,693.8305070521408
20240728,253,1,656,14,471,69.48683999664607,24.453437412501778,377.0597225908522
20240728,321,1,241,8,308,43.22393388826306,17.38192219728758,247.39414391444936
20240728,1000,1,584,5,325,37.88811489956962,18.728789807185816,268.38309529324454
20240728,871,1,41,5,974,125.71132212217773,61.797004003418415,786.4916738744039
20240728,638,1,539,8,512,61.30668173148159,28.84815611834215,421.8451621501763
20240728,319,1,178,1,500,15.834180671802512,58.19056782026789,425.9752515079296
20240728,294,1,556,13,519,74.67757726505745,51.26171797506803,393.0607047598745
20240728,566,1,108,13,269,7.120884615555555,29.720589372257344,232.1585260121871
20240728,820,1,511,11,640,69.37249494931142,87.7407878250657,482.8867172256229
20240728,269,1,721,4,926,112.36858795202002,133.59125211080018,680.0401599371799
20240728,593,1,158,11,678,98.45989182845462,97.10356210645291,482.43654606509244
20240728,907,1,67,3,182,25.71980169309197,19.353235999424115,136.9269623074839
20240728,135,1,724,4,550,41.311825761461165,73.18607163881254,435.5021025997263
20240728,267,1,663,18,545,75.22579213117135,44.64527784268326,425.1289300261454
20240728,193,1,959,7,131,6.842635887700999,16.475638549989835,107.68172556230917
20240728,71,1,274,13,336,43.05178979136624,38.76319775479816,254.1850124538356
20240728,463,1,822,2,751,49.83251050319682,104.57999855120664,596.5874909455965
20240728,101,1,204,13,764,89.4130940068925,90.39162332544932,584.1952826676581
20240728,506,1,799,3,392,25.93975260862088,27.18233434228874,338.87791304909035
20240728,880,1,818,12,412,14.032622061906393,22.82311821073279,375.1442597273608
20240728,857,1,620,2,721,36.33970624109396,105.79031725279366,578.8699765061124
20240728,669,1,491,1,291,20.763683828024874,22.92943333658886,247.30688283538626
20240728,304,1,776,5,536,37.8417456777494,60.573878337517876,437.58437598473273
20240728,469,1,722,9,455,20.450928704115707,35.13592159875689,399.41314969712744
20240728,595,1,769,15,400,9.750475223580905,40.97629181873046,349.2732329576886
20240728,709,1,98,13,867,60.26739578561975,74.20500451739252,732.5275996969877
20240728,901,1,306,5,967,67.49755297585905,129.07771297806383,770.4247340460771
20240728,184,1,370,4,200,14.029287197248097,18.218975790983105,167.7517370117688
20240728,727,1,803,14,206,19.415144593491764,29.47236856906406,157.11248683744418
20240728,956,1,955,8,439,47.81316881560545,61.200728304963526,329.98610287943103
20240728,908,1,699,9,619,46.49262196840012,69.68340258180395,502.82397544979597
20240728,458,1,196,14,339,44.83767556151581,29.857046064522166,264.30527837396204
20240728,323,1,251,12,785,62.09617638205258,109.75205745716245,613.151766160785
20240728,405,1,658,18,942,40.69937708404545,77.10280353400921,824.1978193819454
20240728,766,1,547,8,749,49.07702769215996,61.471233864114645,638.4517384437254
20240728,457,1,32,11,148,13.895803046427506,10.02923720063142,124.07495975294108
20240728,429,1,912,6,181,26.248388967791882,14.242013933526618,140.5095970986815
20240728,740,1,835,6,566,12.290464781844257,37.06293205824873,516.646603159907
20240728,326,1,920,11,579,14.037678513081156,81.9205329000688,483.04178858685003
20240728,146,1,449,10,642,48.45444454110146,74.4443717043028,519.1011837545957
20240728,891,1,617,2,609,86.30333783413111,37.91885496604381,484.7778071998251
20240728,409,1,402,15,435,52.9788697165046,48.65110326422156,333.37002701927383
20240728,833,1,490,6,669,38.214371425430755,59.72454846768193,571.0610801068873
20240728,394,1,22,20,704,44.48396184437449,44.34074472165964,615.1752934339659
20240728,615,1,46,13,886,71.95782910452448,47.407441289613125,766.6347296058624
20240728,157,1,590,1,840,29.929039379435086,58.12805336363277,751.9429072569321
20240728,844,1,1000,3,452,21.130668672569424,63.43424705802071,367.43508426940986
20240728,508,1,492,9,385,16.16107279880518,55.953500779609996,312.88542642158484
20240728,379,1,32,18,609,17.45334155126395,45.15911146159276,546.3875469871433
20240728,523,1,870,9,222,8.750863600365848,17.90698102775357,195.34215537188058
20240728,480,1,27,19,384,28.028224563846567,45.151116946106036,310.8206584900474
20240728,199,1,918,15,859,110.08157285150764,97.85296888092292,651.0654582675695
20240728,316,1,526,5,126,7.943301515293794,17.61256556898772,100.44413291571848
20240728,823,1,64,7,818,69.41420566577452,85.53240054220706,663.0533937920184
20240728,392,1,163,20,910,128.1363156879928,80.16970891160463,701.6939754004026
20240728,130,1,581,16,826,59.813089497483155,61.00038138482712,705.1865291176897
20240728,307,1,180,19,657,15.667920388039375,59.956107742969486,581.3759718689912
20240728,702,1,892,5,164,6.099784155815268,14.523534624880215,143.37668121930452
20240728,570,1,45,8,759,62.287598540432754,76.55079263270021,620.161608826867
20240728,335,1,792,2,862,21.992217393822926,111.75357214183137,728.2542104643458
20240728,714,1,408,5,320,10.19080374076923,41.68442969483198,268.1247665643988
20240728,424,1,736,14,530,23.87531278608052,72.2501695340641,433.8745176798554
20240728,682,1,277,5,422,58.99943795133288,43.63148312120641,319.3690789274607
20240728,42,1,32,8,849,120.25288877217102,50.72086311781096,678.0262481100181
20240728,632,1,58,16,521,77.40508581296223,61.39553429589019,382.1993798911476
20240728,172,1,766,19,377,20.09326661411738,34.42680804923909,322.47992533664353
20240728,428,1,59,5,819,114.63252122782146,105.51035404427836,598.8571247279002
20240728,936,1,584,17,874,129.34703996442207,60.384527696748094,684.2684323388298
20240728,591,1,347,7,369,18.314255480007954,28.874927691586198,321.81081682840585
20240728,540,1,615,12,340,29.04830818197763,40.003399440703845,270.9482923773185
20240728,892,1,801,6,987,97.41025166359456,137.4254884582162,752.1642598781892
20240728,881,1,732,13,939,85.13765632220284,48.3967900882053,805.4655535895919
20240728,403,1,138,11,812,29.424007390722767,114.04341578924624,668.532576820031
20240728,379,1,56,13,708,16.835597715776764,48.29131443057084,642.8730878536524
20240728,658,1,227,9,277,19.713628440703566,39.3055210754932,217.98085048380324
20240728,701,1,681,20,720,46.59274533858504,58.12880287969321,615.2784517817217
20240728,835,1,209,2,320,34.79408665512633,21.641413576816127,263.56449976805754
20240728,445,1,179,20,373,53.92106296319216,51.24451675203175,267.8344202847761
20240728,475,1,881,1,572,75.32263707611877,46.00592277823402,450.67144014564724
20240728,397,1,387,15,920,104.89625236181004,65.79809385643064,749.3056537817592
20240728,307,1,194,12,606,44.5556034097286,43.99829030556026,517.4461062847112
20240728,728,1,853,9,965,140.82316805270838,111.40166592344895,712.7751660238426
20240728,12,1,961,6,161,20.809097889671996,23.56730020514639,116.62360190518162
20240728,561,1,697,9,423,17.555073158149252,47.04627371294481,358.39865312890595
20240728,565,1,94,18,389,26.078786047661737,37.1230520588799,325.79816189345837
20240728,160,1,797,8,308,9.990863816243092,15.74644950570427,282.26268667805266
20240728,276,1,799,1,777,60.869138287518346,45.733525589811215,670.3973361226705
20240728,665,1,438,8,736,46.39912740978634,70.15405473670221,619.4468178535114
20240728,716,1,280,19,215,31.83729617705075,27.074666329892732,156.0880374930565
20240728,699,1,246,3,585,56.844996535088654,54.4367747216314,473.71822874327995
20240728,694,1,764,20,981,72.84847977341374,58.813424151296914,849.3380960752893
20240728,391,1,226,19,723,67.01400110926562,75.14536056406011,580.8406383266743
20240728,945,1,611,10,944,53.33770737501199,59.58458292230769,831.0777097026803
20240728,528,1,521,1,140,3.697527818738169,8.940072835162336,127.3623993460995
20240728,863,1,559,16,181,9.495574572808149,12.028157653230936,159.4762677739609
